-- phpMyAdmin SQL Dump
-- version 5.2.0
-- https://www.phpmyadmin.net/
--
-- Host: 127.0.0.1
-- Generation Time: Oct 12, 2023 at 05:28 PM
-- Server version: 10.4.27-MariaDB
-- PHP Version: 8.2.0

SET SQL_MODE = "NO_AUTO_VALUE_ON_ZERO";
START TRANSACTION;
SET time_zone = "+00:00";


/*!40101 SET @OLD_CHARACTER_SET_CLIENT=@@CHARACTER_SET_CLIENT */;
/*!40101 SET @OLD_CHARACTER_SET_RESULTS=@@CHARACTER_SET_RESULTS */;
/*!40101 SET @OLD_COLLATION_CONNECTION=@@COLLATION_CONNECTION */;
/*!40101 SET NAMES utf8mb4 */;

--
-- Database: `obtrs`
--

-- --------------------------------------------------------

--
-- Table structure for table `tbl_booking_child`
--

CREATE TABLE `tbl_booking_child` (
  `Booking_child_id` int(5) NOT NULL,
  `Booking_master_id` int(5) DEFAULT NULL,
  `Passenger_name` varchar(20) NOT NULL,
  `Age` decimal(2,0) NOT NULL,
  `Gender` varchar(1) NOT NULL,
  `Seat_number` decimal(2,0) NOT NULL,
  `Sstop_no` decimal(2,0) NOT NULL,
  `Dstop_no` decimal(2,0) NOT NULL,
  `Source` varchar(20) NOT NULL,
  `Destination` varchar(20) NOT NULL,
  `Booking_status` tinyint(1) NOT NULL
) ENGINE=InnoDB DEFAULT CHARSET=utf8mb4 COLLATE=utf8mb4_general_ci;

--
-- Dumping data for table `tbl_booking_child`
--

INSERT INTO `tbl_booking_child` (`Booking_child_id`, `Booking_master_id`, `Passenger_name`, `Age`, `Gender`, `Seat_number`, `Sstop_no`, `Dstop_no`, `Source`, `Destination`, `Booking_status`) VALUES
(1, 1, 'Sooraj', '20', 'M', '1', '4', '22', 'Chengannur', 'Hyderabad', 1);

-- --------------------------------------------------------

--
-- Table structure for table `tbl_booking_master`
--

CREATE TABLE `tbl_booking_master` (
  `Booking_master_id` int(5) NOT NULL,
  `Customer_id` int(5) DEFAULT NULL,
  `Bus_route_id` int(5) DEFAULT NULL,
  `Farestage_id` int(5) DEFAULT NULL,
  `Booking_date` date NOT NULL,
  `Total_fare` decimal(7,0) NOT NULL,
  `Distance` decimal(5,0) NOT NULL,
  `Total_seats` decimal(2,0) NOT NULL
) ENGINE=InnoDB DEFAULT CHARSET=utf8mb4 COLLATE=utf8mb4_general_ci;

--
-- Dumping data for table `tbl_booking_master`
--

INSERT INTO `tbl_booking_master` (`Booking_master_id`, `Customer_id`, `Bus_route_id`, `Farestage_id`, `Booking_date`, `Total_fare`, `Distance`, `Total_seats`) VALUES
(1, 6, 164, 1, '2023-10-30', '2600', '1250', '1');

-- --------------------------------------------------------

--
-- Table structure for table `tbl_bus`
--

CREATE TABLE `tbl_bus` (
  `Bus_id` int(5) NOT NULL,
  `Bus_Reg_no` varchar(15) NOT NULL,
  `Bus_Comp` varchar(10) NOT NULL,
  `Seating_capacity` decimal(2,0) NOT NULL,
  `Yearofmanufacture` decimal(4,0) DEFAULT NULL
) ENGINE=InnoDB DEFAULT CHARSET=utf8mb4 COLLATE=utf8mb4_general_ci;

--
-- Dumping data for table `tbl_bus`
--

INSERT INTO `tbl_bus` (`Bus_id`, `Bus_Reg_no`, `Bus_Comp`, `Seating_capacity`, `Yearofmanufacture`) VALUES
(1, 'KL-04-CA-8709', 'Scania', '50', '2023'),
(2, 'KL-01-CZ-3569', 'Volvo', '50', '2022'),
(3, 'KL-07-DA-3490', 'Scania', '50', '2021'),
(4, 'KL-07-CZ-5800', 'Scania', '50', '2022'),
(5, 'KL-30-K-1000', 'Scania', '50', '2023'),
(6, 'KL-05-AB-5698', 'Volvo', '50', '2023'),
(7, 'KL-07-DC-2500', 'Volvo', '50', '2023'),
(8, 'KL-01-CX-3500', 'Volvo', '50', '2023'),
(9, 'KL-03-AA-2569', 'Scania', '50', '2023'),
(10, 'KL-08-CB-6545', 'Volvo', '50', '2023'),
(11, 'KL-01-CY-5620', 'Scania', '50', '2023'),
(12, 'KL-40-Z-5610', 'Volvo', '50', '2023'),
(13, 'KL-11-CZ-8905', 'Scania', '50', '2023'),
(14, 'KL-08-BC-6410', 'Volvo', '50', '2023'),
(15, 'KL-01-CZ-5950', 'Scania', '50', '2023'),
(16, 'KL-07-DC-9880', 'Scania', '50', '2023'),
(17, 'KL-05-AB-4353', 'Volvo', '50', '2023'),
(18, 'KL-01-CX-3219', 'Scania', '50', '2022'),
(19, 'KL-04-BA-4343', 'Volvo', '50', '2023'),
(20, 'KL-01-CX-3934', 'Volvo', '50', '2023');

-- --------------------------------------------------------

--
-- Table structure for table `tbl_bus_route`
--

CREATE TABLE `tbl_bus_route` (
  `Bus_route_id` int(5) NOT NULL,
  `Driver_bus_id` int(5) DEFAULT NULL,
  `Route_id` int(5) DEFAULT NULL,
  `Allocation_date` date NOT NULL,
  `Start_time` time NOT NULL,
  `End_time` time NOT NULL,
  `Br_status` tinyint(1) NOT NULL DEFAULT 1
) ENGINE=InnoDB DEFAULT CHARSET=utf8mb4 COLLATE=utf8mb4_general_ci;

--
-- Dumping data for table `tbl_bus_route`
--

INSERT INTO `tbl_bus_route` (`Bus_route_id`, `Driver_bus_id`, `Route_id`, `Allocation_date`, `Start_time`, `End_time`, `Br_status`) VALUES
(1, 1, 1, '2023-09-02', '17:00:00', '06:00:00', 1),
(2, 1, 1, '2023-09-06', '15:00:00', '06:00:00', 1),
(3, 1, 1, '2023-09-10', '17:00:00', '06:00:00', 1),
(4, 1, 1, '2023-09-14', '17:00:00', '06:00:00', 1),
(5, 1, 1, '2023-09-18', '17:00:00', '06:00:00', 1),
(6, 1, 1, '2023-09-22', '17:00:00', '06:00:00', 1),
(7, 1, 1, '2023-09-26', '17:00:00', '06:00:00', 1),
(8, 1, 1, '2023-09-30', '17:00:00', '06:00:00', 1),
(9, 1, 1, '2023-10-04', '17:00:00', '06:00:00', 1),
(10, 1, 1, '2023-10-08', '17:00:00', '06:00:00', 1),
(11, 1, 1, '2023-10-12', '17:00:00', '06:00:00', 1),
(12, 1, 1, '2023-10-16', '17:00:00', '06:00:00', 1),
(13, 1, 1, '2023-10-20', '17:00:00', '06:00:00', 1),
(14, 1, 1, '2023-10-24', '17:00:00', '06:00:00', 1),
(15, 1, 1, '2023-10-28', '17:00:00', '06:00:00', 1),
(16, 1, 1, '2023-11-01', '17:00:00', '06:00:00', 1),
(17, 1, 4, '2023-09-04', '17:00:00', '06:00:00', 1),
(18, 1, 4, '2023-09-08', '17:00:00', '06:00:00', 1),
(19, 1, 4, '2023-09-12', '17:00:00', '06:00:00', 1),
(20, 1, 4, '2023-09-16', '17:00:00', '06:00:00', 1),
(21, 1, 4, '2023-09-20', '17:00:00', '06:00:00', 1),
(22, 1, 4, '2023-09-24', '17:00:00', '06:00:00', 1),
(23, 1, 4, '2023-09-28', '17:00:00', '06:00:00', 1),
(24, 1, 4, '2023-10-02', '17:00:00', '06:00:00', 1),
(25, 1, 4, '2023-10-06', '17:00:00', '06:00:00', 1),
(26, 1, 4, '2023-10-10', '17:00:00', '06:00:00', 1),
(27, 1, 4, '2023-10-14', '17:00:00', '06:00:00', 1),
(28, 1, 4, '2023-10-18', '17:00:00', '06:00:00', 1),
(29, 1, 4, '2023-10-22', '17:00:00', '06:00:00', 1),
(30, 1, 4, '2023-10-26', '17:00:00', '06:00:00', 1),
(31, 1, 4, '2023-10-30', '17:00:00', '06:00:00', 1),
(32, 2, 1, '2023-09-03', '17:00:00', '06:00:00', 1),
(33, 2, 1, '2023-09-07', '17:00:00', '06:00:00', 1),
(34, 2, 1, '2023-09-11', '17:00:00', '06:00:00', 1),
(35, 2, 1, '2023-09-15', '17:00:00', '06:00:00', 1),
(36, 2, 1, '2023-09-19', '17:00:00', '06:00:00', 1),
(37, 2, 1, '2023-09-23', '17:00:00', '06:00:00', 1),
(38, 2, 1, '2023-09-27', '17:00:00', '06:00:00', 1),
(39, 2, 1, '2023-10-01', '17:00:00', '06:00:00', 1),
(40, 2, 1, '2023-10-05', '17:00:00', '06:00:00', 1),
(41, 2, 1, '2023-10-09', '17:00:00', '06:00:00', 1),
(42, 2, 1, '2023-10-13', '17:00:00', '06:00:00', 1),
(43, 2, 1, '2023-10-17', '17:00:00', '06:00:00', 1),
(44, 2, 1, '2023-10-21', '17:00:00', '06:00:00', 1),
(45, 2, 1, '2023-10-25', '17:00:00', '06:00:00', 1),
(46, 2, 1, '2023-10-29', '17:00:00', '06:00:00', 1),
(47, 2, 1, '2023-11-02', '17:00:00', '06:00:00', 1),
(48, 2, 4, '2023-09-05', '17:00:00', '06:00:00', 1),
(49, 2, 4, '2023-09-09', '17:00:00', '06:00:00', 1),
(50, 2, 4, '2023-09-13', '17:00:00', '06:00:00', 1),
(51, 2, 4, '2023-09-17', '17:00:00', '06:00:00', 1),
(52, 2, 4, '2023-09-21', '17:00:00', '06:00:00', 1),
(53, 2, 4, '2023-09-25', '17:00:00', '06:00:00', 1),
(54, 2, 4, '2023-09-29', '17:00:00', '06:00:00', 1),
(55, 2, 4, '2023-10-03', '17:00:00', '06:00:00', 1),
(56, 2, 4, '2023-10-07', '17:00:00', '06:00:00', 1),
(57, 2, 4, '2023-10-11', '17:00:00', '06:00:00', 1),
(58, 2, 4, '2023-10-15', '17:00:00', '06:00:00', 1),
(59, 2, 4, '2023-10-19', '17:00:00', '06:00:00', 1),
(60, 2, 4, '2023-10-23', '17:00:00', '06:00:00', 1),
(61, 2, 4, '2023-10-27', '17:00:00', '06:00:00', 1),
(62, 2, 4, '2023-10-31', '17:00:00', '06:00:00', 1),
(63, 3, 1, '2023-09-04', '17:00:00', '06:00:00', 1),
(64, 3, 1, '2023-09-08', '17:00:00', '06:00:00', 1),
(65, 3, 1, '2023-09-12', '17:00:00', '06:00:00', 1),
(66, 3, 1, '2023-09-16', '17:00:00', '06:00:00', 1),
(67, 3, 1, '2023-09-20', '17:00:00', '06:00:00', 1),
(68, 3, 1, '2023-09-24', '17:00:00', '06:00:00', 1),
(69, 3, 1, '2023-09-28', '17:00:00', '06:00:00', 1),
(70, 3, 1, '2023-10-02', '17:00:00', '06:00:00', 1),
(71, 3, 1, '2023-10-06', '17:00:00', '06:00:00', 1),
(72, 3, 1, '2023-10-10', '17:00:00', '06:00:00', 1),
(73, 3, 1, '2023-10-14', '17:00:00', '06:00:00', 1),
(74, 3, 1, '2023-10-18', '17:00:00', '06:00:00', 1),
(75, 3, 1, '2023-10-22', '17:00:00', '06:00:00', 1),
(76, 3, 1, '2023-10-26', '17:00:00', '06:00:00', 1),
(77, 3, 1, '2023-10-30', '17:00:00', '06:00:00', 1),
(78, 3, 4, '2023-09-06', '17:00:00', '06:00:00', 1),
(79, 3, 4, '2023-09-10', '17:00:00', '06:00:00', 1),
(80, 3, 4, '2023-09-14', '17:00:00', '06:00:00', 1),
(81, 3, 4, '2023-09-18', '17:00:00', '06:00:00', 1),
(82, 3, 4, '2023-09-22', '17:00:00', '06:00:00', 1),
(83, 3, 4, '2023-09-26', '17:00:00', '06:00:00', 1),
(84, 3, 4, '2023-09-30', '17:00:00', '06:00:00', 1),
(85, 3, 4, '2023-10-04', '17:00:00', '06:00:00', 1),
(86, 3, 4, '2023-10-08', '17:00:00', '06:00:00', 1),
(87, 3, 4, '2023-10-12', '17:00:00', '06:00:00', 1),
(88, 3, 4, '2023-10-16', '17:00:00', '06:00:00', 1),
(89, 3, 4, '2023-10-20', '17:00:00', '06:00:00', 1),
(90, 3, 4, '2023-10-24', '17:00:00', '06:00:00', 1),
(91, 3, 4, '2023-10-28', '17:00:00', '06:00:00', 1),
(92, 3, 4, '2023-11-01', '17:00:00', '06:00:00', 1),
(93, 4, 1, '2023-09-05', '17:00:00', '06:00:00', 1),
(94, 4, 1, '2023-09-09', '17:00:00', '06:00:00', 1),
(95, 4, 1, '2023-09-13', '17:00:00', '06:00:00', 1),
(96, 4, 1, '2023-09-17', '17:00:00', '06:00:00', 1),
(97, 4, 1, '2023-09-21', '17:00:00', '06:00:00', 1),
(98, 4, 1, '2023-09-25', '17:00:00', '06:00:00', 1),
(99, 4, 1, '2023-09-29', '17:00:00', '06:00:00', 1),
(100, 4, 1, '2023-10-03', '17:00:00', '06:00:00', 1),
(101, 4, 1, '2023-10-07', '17:00:00', '06:00:00', 1),
(102, 4, 1, '2023-10-11', '17:00:00', '06:00:00', 1),
(103, 4, 1, '2023-10-15', '17:00:00', '06:00:00', 1),
(104, 4, 1, '2023-10-19', '17:00:00', '06:00:00', 1),
(105, 4, 1, '2023-10-23', '17:00:00', '06:00:00', 1),
(106, 4, 1, '2023-10-27', '17:00:00', '06:00:00', 1),
(107, 4, 1, '2023-10-31', '17:00:00', '06:00:00', 1),
(108, 4, 4, '2023-09-07', '17:00:00', '06:00:00', 1),
(109, 4, 4, '2023-09-11', '17:00:00', '06:00:00', 1),
(110, 4, 4, '2023-09-15', '17:00:00', '06:00:00', 1),
(111, 4, 4, '2023-09-19', '17:00:00', '06:00:00', 1),
(112, 4, 4, '2023-09-23', '17:00:00', '06:00:00', 1),
(113, 4, 4, '2023-09-27', '17:00:00', '06:00:00', 1),
(114, 4, 4, '2023-10-01', '17:00:00', '06:00:00', 1),
(115, 4, 4, '2023-10-05', '17:00:00', '06:00:00', 1),
(116, 4, 4, '2023-10-09', '17:00:00', '06:00:00', 1),
(117, 4, 4, '2023-10-13', '17:00:00', '06:00:00', 1),
(118, 4, 4, '2023-10-17', '17:00:00', '06:00:00', 1),
(119, 4, 4, '2023-10-21', '17:00:00', '06:00:00', 1),
(120, 4, 4, '2023-10-25', '17:00:00', '06:00:00', 1),
(121, 4, 4, '2023-10-29', '17:00:00', '06:00:00', 1),
(122, 4, 4, '2023-11-02', '17:00:00', '06:00:00', 1),
(123, 5, 7, '2023-09-22', '15:00:00', '23:00:00', 1),
(124, 5, 7, '2023-09-26', '15:00:00', '23:00:00', 1),
(125, 5, 7, '2023-09-30', '15:00:00', '23:00:00', 1),
(126, 5, 7, '2023-10-04', '15:00:00', '23:00:00', 1),
(127, 5, 7, '2023-10-08', '15:00:00', '23:00:00', 1),
(128, 5, 7, '2023-10-12', '15:00:00', '23:00:00', 1),
(129, 5, 7, '2023-10-16', '15:00:00', '23:00:00', 1),
(130, 5, 7, '2023-10-20', '15:00:00', '23:00:00', 1),
(131, 5, 7, '2023-10-24', '15:00:00', '23:00:00', 1),
(132, 5, 7, '2023-10-28', '15:00:00', '23:00:00', 1),
(133, 5, 7, '2023-11-01', '15:00:00', '23:00:00', 1),
(134, 5, 7, '2023-11-05', '15:00:00', '23:00:00', 1),
(135, 5, 7, '2023-11-09', '15:00:00', '23:00:00', 1),
(136, 5, 7, '2023-11-13', '15:00:00', '23:00:00', 1),
(137, 5, 7, '2023-11-17', '15:00:00', '23:00:00', 1),
(138, 5, 7, '2023-11-21', '15:00:00', '23:00:00', 1),
(139, 6, 7, '2023-09-23', '15:00:00', '23:00:00', 1),
(140, 6, 7, '2023-09-27', '15:00:00', '23:00:00', 1),
(141, 6, 7, '2023-10-01', '15:00:00', '23:00:00', 1),
(142, 6, 7, '2023-10-05', '15:00:00', '23:00:00', 1),
(143, 6, 7, '2023-10-09', '15:00:00', '23:00:00', 1),
(144, 6, 7, '2023-10-13', '15:00:00', '23:00:00', 1),
(145, 6, 7, '2023-10-17', '15:00:00', '23:00:00', 1),
(146, 6, 7, '2023-10-21', '15:00:00', '23:00:00', 1),
(147, 6, 7, '2023-10-25', '15:00:00', '23:00:00', 1),
(148, 6, 7, '2023-10-29', '15:00:00', '23:00:00', 1),
(149, 6, 7, '2023-11-02', '15:00:00', '23:00:00', 1),
(150, 6, 7, '2023-11-06', '15:00:00', '23:00:00', 1),
(151, 6, 7, '2023-11-10', '15:00:00', '23:00:00', 1),
(152, 6, 7, '2023-11-14', '15:00:00', '23:00:00', 1),
(153, 6, 7, '2023-11-18', '15:00:00', '23:00:00', 1),
(154, 6, 7, '2023-11-22', '15:00:00', '23:00:00', 1),
(155, 7, 7, '2023-09-24', '15:00:00', '23:00:00', 1),
(156, 7, 7, '2023-09-28', '15:00:00', '23:00:00', 1),
(157, 7, 7, '2023-10-02', '15:00:00', '23:00:00', 1),
(158, 7, 7, '2023-10-06', '15:00:00', '23:00:00', 1),
(159, 7, 7, '2023-10-10', '15:00:00', '23:00:00', 1),
(160, 7, 7, '2023-10-14', '15:00:00', '23:00:00', 1),
(161, 7, 7, '2023-10-18', '15:00:00', '23:00:00', 1),
(162, 7, 7, '2023-10-22', '15:00:00', '23:00:00', 1),
(163, 7, 7, '2023-10-26', '15:00:00', '23:00:00', 1),
(164, 7, 7, '2023-10-30', '15:00:00', '23:00:00', 1),
(165, 7, 7, '2023-11-03', '15:00:00', '23:00:00', 1),
(166, 7, 7, '2023-11-07', '15:00:00', '23:00:00', 1),
(167, 7, 7, '2023-11-11', '15:00:00', '23:00:00', 1),
(168, 7, 7, '2023-11-15', '15:00:00', '23:00:00', 1),
(169, 7, 7, '2023-11-19', '15:00:00', '23:00:00', 1),
(170, 8, 7, '2023-09-25', '15:00:00', '23:00:00', 1),
(171, 8, 7, '2023-09-29', '15:00:00', '23:00:00', 1),
(172, 8, 7, '2023-10-03', '15:00:00', '23:00:00', 1),
(173, 8, 7, '2023-10-07', '15:00:00', '23:00:00', 1),
(174, 8, 7, '2023-10-11', '15:00:00', '23:00:00', 1),
(175, 8, 7, '2023-10-15', '15:00:00', '23:00:00', 1),
(176, 8, 7, '2023-10-19', '15:00:00', '23:00:00', 1),
(177, 8, 7, '2023-10-23', '15:00:00', '23:00:00', 1),
(178, 8, 7, '2023-10-27', '15:00:00', '23:00:00', 1),
(179, 8, 7, '2023-10-31', '15:00:00', '23:00:00', 1),
(180, 8, 7, '2023-11-04', '15:00:00', '23:00:00', 1),
(181, 8, 7, '2023-11-08', '15:00:00', '23:00:00', 1),
(182, 8, 7, '2023-11-12', '15:00:00', '23:00:00', 1),
(183, 8, 7, '2023-11-16', '15:00:00', '23:00:00', 1),
(184, 8, 7, '2023-11-20', '15:00:00', '23:00:00', 1),
(185, 5, 8, '2023-09-24', '04:00:00', '09:00:00', 1),
(186, 5, 8, '2023-09-28', '04:00:00', '09:00:00', 1),
(187, 5, 8, '2023-10-02', '04:00:00', '09:00:00', 1),
(188, 5, 8, '2023-10-06', '04:00:00', '09:00:00', 1),
(189, 5, 8, '2023-10-10', '04:00:00', '09:00:00', 1),
(190, 5, 8, '2023-10-14', '04:00:00', '09:00:00', 1),
(191, 5, 8, '2023-10-18', '04:00:00', '09:00:00', 1),
(192, 5, 8, '2023-10-22', '04:00:00', '09:00:00', 1),
(193, 5, 8, '2023-10-26', '04:00:00', '09:00:00', 1),
(194, 5, 8, '2023-10-30', '04:00:00', '09:00:00', 1),
(195, 5, 8, '2023-11-03', '04:00:00', '09:00:00', 1),
(196, 5, 8, '2023-11-07', '04:00:00', '09:00:00', 1),
(197, 5, 8, '2023-11-11', '04:00:00', '09:00:00', 1),
(198, 5, 8, '2023-11-15', '04:00:00', '09:00:00', 1),
(199, 5, 8, '2023-11-19', '04:00:00', '09:00:00', 1),
(200, 6, 8, '2023-09-25', '04:00:00', '09:00:00', 1),
(201, 6, 8, '2023-09-29', '04:00:00', '09:00:00', 1),
(202, 6, 8, '2023-10-03', '04:00:00', '09:00:00', 1),
(203, 6, 8, '2023-10-07', '04:00:00', '09:00:00', 1),
(204, 6, 8, '2023-10-11', '04:00:00', '09:00:00', 1),
(205, 6, 8, '2023-10-15', '04:00:00', '09:00:00', 1),
(206, 6, 8, '2023-10-19', '04:00:00', '09:00:00', 1),
(207, 6, 8, '2023-10-23', '04:00:00', '09:00:00', 1),
(208, 6, 8, '2023-10-27', '04:00:00', '09:00:00', 1),
(209, 6, 8, '2023-10-31', '04:00:00', '09:00:00', 1),
(210, 6, 8, '2023-11-04', '04:00:00', '09:00:00', 1),
(211, 6, 8, '2023-11-08', '04:00:00', '09:00:00', 1),
(212, 6, 8, '2023-11-12', '04:00:00', '09:00:00', 1),
(213, 6, 8, '2023-11-16', '04:00:00', '09:00:00', 1),
(214, 6, 8, '2023-11-20', '04:00:00', '09:00:00', 1),
(215, 7, 8, '2023-09-26', '04:00:00', '09:00:00', 1),
(216, 7, 8, '2023-09-30', '04:00:00', '09:00:00', 1),
(217, 7, 8, '2023-10-04', '04:00:00', '09:00:00', 1),
(218, 7, 8, '2023-10-08', '04:00:00', '09:00:00', 1),
(219, 7, 8, '2023-10-12', '04:00:00', '09:00:00', 1),
(220, 7, 8, '2023-10-16', '04:00:00', '09:00:00', 1),
(221, 7, 8, '2023-10-20', '04:00:00', '09:00:00', 1),
(222, 7, 8, '2023-10-24', '04:00:00', '09:00:00', 1),
(223, 7, 8, '2023-10-28', '04:00:00', '09:00:00', 1),
(224, 7, 8, '2023-11-01', '04:00:00', '09:00:00', 1),
(225, 7, 8, '2023-11-05', '04:00:00', '09:00:00', 1),
(226, 7, 8, '2023-11-09', '04:00:00', '09:00:00', 1),
(227, 7, 8, '2023-11-13', '04:00:00', '09:00:00', 1),
(228, 7, 8, '2023-11-17', '04:00:00', '09:00:00', 1),
(229, 7, 8, '2023-11-21', '04:00:00', '09:00:00', 1),
(230, 8, 8, '2023-09-27', '04:00:00', '09:00:00', 1),
(231, 8, 8, '2023-10-01', '04:00:00', '09:00:00', 1),
(232, 8, 8, '2023-10-05', '04:00:00', '09:00:00', 1),
(233, 8, 8, '2023-10-09', '04:00:00', '09:00:00', 1),
(234, 8, 8, '2023-10-13', '04:00:00', '09:00:00', 1),
(235, 8, 8, '2023-10-17', '04:00:00', '09:00:00', 1),
(236, 8, 8, '2023-10-21', '04:00:00', '09:00:00', 1),
(237, 8, 8, '2023-10-25', '04:00:00', '09:00:00', 1),
(238, 8, 8, '2023-10-29', '04:00:00', '09:00:00', 1),
(239, 8, 8, '2023-11-02', '04:00:00', '09:00:00', 1),
(240, 8, 8, '2023-11-06', '04:00:00', '09:00:00', 1),
(241, 8, 8, '2023-11-10', '04:00:00', '09:00:00', 1),
(242, 8, 8, '2023-11-14', '04:00:00', '09:00:00', 1),
(243, 8, 8, '2023-11-18', '04:00:00', '09:00:00', 1),
(244, 8, 8, '2023-11-22', '04:00:00', '09:00:00', 1),
(245, 9, 2, '2023-09-22', '08:00:00', '05:00:00', 1),
(246, 9, 2, '2023-09-26', '08:00:00', '05:00:00', 1),
(247, 9, 2, '2023-09-30', '08:00:00', '05:00:00', 1),
(248, 9, 2, '2023-10-04', '08:00:00', '05:00:00', 1),
(249, 9, 2, '2023-10-08', '08:00:00', '05:00:00', 1),
(250, 9, 2, '2023-10-12', '08:00:00', '05:00:00', 1),
(251, 9, 2, '2023-10-16', '08:00:00', '05:00:00', 1),
(252, 9, 2, '2023-10-20', '08:00:00', '05:00:00', 1),
(253, 9, 2, '2023-10-24', '08:00:00', '05:00:00', 1),
(254, 9, 2, '2023-10-28', '08:00:00', '05:00:00', 1),
(255, 9, 2, '2023-11-01', '08:00:00', '05:00:00', 1),
(256, 9, 2, '2023-11-05', '08:00:00', '05:00:00', 1),
(257, 9, 2, '2023-11-09', '08:00:00', '05:00:00', 1),
(258, 9, 2, '2023-11-13', '08:00:00', '05:00:00', 1),
(259, 9, 2, '2023-11-17', '08:00:00', '05:00:00', 1),
(260, 9, 2, '2023-11-21', '08:00:00', '05:00:00', 1),
(261, 10, 2, '2023-09-23', '08:00:00', '05:00:00', 1),
(262, 10, 2, '2023-09-27', '08:00:00', '05:00:00', 1),
(263, 10, 2, '2023-10-01', '08:00:00', '05:00:00', 1),
(264, 10, 2, '2023-10-05', '08:00:00', '05:00:00', 1),
(265, 10, 2, '2023-10-09', '08:00:00', '05:00:00', 1),
(266, 10, 2, '2023-10-13', '08:00:00', '05:00:00', 1),
(267, 10, 2, '2023-10-17', '08:00:00', '05:00:00', 1),
(268, 10, 2, '2023-10-21', '08:00:00', '05:00:00', 1),
(269, 10, 2, '2023-10-25', '08:00:00', '05:00:00', 1),
(270, 10, 2, '2023-10-29', '08:00:00', '05:00:00', 1),
(271, 10, 2, '2023-11-02', '08:00:00', '05:00:00', 1),
(272, 10, 2, '2023-11-06', '08:00:00', '05:00:00', 1),
(273, 10, 2, '2023-11-10', '08:00:00', '05:00:00', 1),
(274, 10, 2, '2023-11-14', '08:00:00', '05:00:00', 1),
(275, 10, 2, '2023-11-18', '08:00:00', '05:00:00', 1),
(276, 10, 2, '2023-11-22', '08:00:00', '05:00:00', 1),
(277, 11, 2, '2023-09-24', '08:00:00', '05:00:00', 1),
(278, 11, 2, '2023-09-28', '08:00:00', '05:00:00', 1),
(279, 11, 2, '2023-10-02', '08:00:00', '05:00:00', 1),
(280, 11, 2, '2023-10-06', '08:00:00', '05:00:00', 1),
(281, 11, 2, '2023-10-10', '08:00:00', '05:00:00', 1),
(282, 11, 2, '2023-10-14', '08:00:00', '05:00:00', 1),
(283, 11, 2, '2023-10-18', '08:00:00', '05:00:00', 1),
(284, 11, 2, '2023-10-22', '08:00:00', '05:00:00', 1),
(285, 11, 2, '2023-10-26', '08:00:00', '05:00:00', 1),
(286, 11, 2, '2023-10-30', '08:00:00', '05:00:00', 1),
(287, 11, 2, '2023-11-03', '08:00:00', '05:00:00', 1),
(288, 11, 2, '2023-11-07', '08:00:00', '05:00:00', 1),
(289, 11, 2, '2023-11-11', '08:00:00', '05:00:00', 1),
(290, 11, 2, '2023-11-15', '08:00:00', '05:00:00', 1),
(291, 11, 2, '2023-11-19', '08:00:00', '05:00:00', 1),
(292, 12, 2, '2023-09-25', '08:00:00', '05:00:00', 1),
(293, 12, 2, '2023-09-29', '08:00:00', '05:00:00', 1),
(294, 12, 2, '2023-10-03', '08:00:00', '05:00:00', 1),
(295, 12, 2, '2023-10-07', '08:00:00', '05:00:00', 1),
(296, 12, 2, '2023-10-11', '08:00:00', '05:00:00', 1),
(297, 12, 2, '2023-10-15', '08:00:00', '05:00:00', 1),
(298, 12, 2, '2023-10-19', '08:00:00', '05:00:00', 1),
(299, 12, 2, '2023-10-23', '08:00:00', '05:00:00', 1),
(300, 12, 2, '2023-10-27', '08:00:00', '05:00:00', 1),
(301, 12, 2, '2023-10-31', '08:00:00', '05:00:00', 1),
(302, 12, 2, '2023-11-04', '08:00:00', '05:00:00', 1),
(303, 12, 2, '2023-11-08', '08:00:00', '05:00:00', 1),
(304, 12, 2, '2023-11-12', '08:00:00', '05:00:00', 1),
(305, 12, 2, '2023-11-16', '08:00:00', '05:00:00', 1),
(306, 12, 2, '2023-11-20', '08:00:00', '05:00:00', 1),
(307, 9, 5, '2023-09-24', '14:00:00', '12:00:00', 1),
(308, 9, 5, '2023-09-28', '14:00:00', '12:00:00', 1),
(309, 9, 5, '2023-10-02', '14:00:00', '12:00:00', 1),
(310, 9, 5, '2023-10-06', '14:00:00', '12:00:00', 1),
(311, 9, 5, '2023-10-10', '14:00:00', '12:00:00', 1),
(312, 9, 5, '2023-10-14', '14:00:00', '12:00:00', 1),
(313, 9, 5, '2023-10-18', '14:00:00', '12:00:00', 1),
(314, 9, 5, '2023-10-22', '14:00:00', '12:00:00', 1),
(315, 9, 5, '2023-10-26', '14:00:00', '12:00:00', 1),
(316, 9, 5, '2023-10-30', '14:00:00', '12:00:00', 1),
(317, 9, 5, '2023-11-03', '14:00:00', '12:00:00', 1),
(318, 9, 5, '2023-11-07', '14:00:00', '12:00:00', 1),
(319, 9, 5, '2023-11-11', '14:00:00', '12:00:00', 1),
(320, 9, 5, '2023-11-15', '14:00:00', '12:00:00', 1),
(321, 9, 5, '2023-11-19', '14:00:00', '12:00:00', 1),
(322, 10, 5, '2023-09-25', '14:00:00', '12:00:00', 1),
(323, 10, 5, '2023-09-29', '14:00:00', '12:00:00', 1),
(324, 10, 5, '2023-10-03', '14:00:00', '12:00:00', 1),
(325, 10, 5, '2023-10-07', '14:00:00', '12:00:00', 1),
(326, 10, 5, '2023-10-11', '14:00:00', '12:00:00', 1),
(327, 10, 5, '2023-10-15', '14:00:00', '12:00:00', 1),
(328, 10, 5, '2023-10-19', '14:00:00', '12:00:00', 1),
(329, 10, 5, '2023-10-23', '14:00:00', '12:00:00', 1),
(330, 10, 5, '2023-10-27', '14:00:00', '12:00:00', 1),
(331, 10, 5, '2023-10-31', '14:00:00', '12:00:00', 1),
(332, 10, 5, '2023-11-04', '14:00:00', '12:00:00', 1),
(333, 10, 5, '2023-11-08', '14:00:00', '12:00:00', 1),
(334, 10, 5, '2023-11-12', '14:00:00', '12:00:00', 1),
(335, 10, 5, '2023-11-16', '14:00:00', '12:00:00', 1),
(336, 10, 5, '2023-11-20', '14:00:00', '12:00:00', 1),
(337, 11, 5, '2023-09-26', '14:00:00', '12:00:00', 1),
(338, 11, 5, '2023-09-30', '14:00:00', '12:00:00', 1),
(339, 11, 5, '2023-10-04', '14:00:00', '12:00:00', 1),
(340, 11, 5, '2023-10-08', '14:00:00', '12:00:00', 1),
(341, 11, 5, '2023-10-12', '14:00:00', '12:00:00', 1),
(342, 11, 5, '2023-10-16', '14:00:00', '12:00:00', 1),
(343, 11, 5, '2023-10-20', '14:00:00', '12:00:00', 1),
(344, 11, 5, '2023-10-24', '14:00:00', '12:00:00', 1),
(345, 11, 5, '2023-10-28', '14:00:00', '12:00:00', 1),
(346, 11, 5, '2023-11-01', '14:00:00', '12:00:00', 1),
(347, 11, 5, '2023-11-05', '14:00:00', '12:00:00', 1),
(348, 11, 5, '2023-11-09', '14:00:00', '12:00:00', 1),
(349, 11, 5, '2023-11-13', '14:00:00', '12:00:00', 1),
(350, 11, 5, '2023-11-17', '14:00:00', '12:00:00', 1),
(351, 11, 5, '2023-11-21', '14:00:00', '12:00:00', 1),
(352, 12, 5, '2023-09-27', '14:00:00', '12:00:00', 1),
(353, 12, 5, '2023-10-01', '14:00:00', '12:00:00', 1),
(354, 12, 5, '2023-10-05', '14:00:00', '12:00:00', 1),
(355, 12, 5, '2023-10-09', '14:00:00', '12:00:00', 1),
(356, 12, 5, '2023-10-13', '14:00:00', '12:00:00', 1),
(357, 12, 5, '2023-10-17', '14:00:00', '12:00:00', 1),
(358, 12, 5, '2023-10-21', '14:00:00', '12:00:00', 1),
(359, 12, 5, '2023-10-25', '14:00:00', '12:00:00', 1),
(360, 12, 5, '2023-10-29', '14:00:00', '12:00:00', 1),
(361, 12, 5, '2023-11-02', '14:00:00', '12:00:00', 1),
(362, 12, 5, '2023-11-06', '14:00:00', '12:00:00', 1),
(363, 12, 5, '2023-11-10', '14:00:00', '12:00:00', 1),
(364, 12, 5, '2023-11-14', '14:00:00', '12:00:00', 1),
(365, 12, 5, '2023-11-18', '14:00:00', '12:00:00', 1),
(366, 12, 5, '2023-11-22', '14:00:00', '12:00:00', 1),
(367, 13, 3, '2023-09-26', '04:00:00', '21:00:00', 1),
(368, 13, 3, '2023-09-30', '04:00:00', '21:00:00', 1),
(369, 13, 3, '2023-10-04', '04:00:00', '21:00:00', 1),
(370, 13, 3, '2023-10-08', '04:00:00', '21:00:00', 1),
(371, 13, 3, '2023-10-12', '04:00:00', '21:00:00', 1),
(372, 13, 3, '2023-10-16', '04:00:00', '21:00:00', 1),
(373, 13, 3, '2023-10-20', '04:00:00', '21:00:00', 1),
(374, 13, 3, '2023-10-24', '04:00:00', '21:00:00', 1),
(375, 13, 3, '2023-10-28', '04:00:00', '21:00:00', 1),
(376, 13, 3, '2023-11-01', '04:00:00', '21:00:00', 1),
(377, 13, 3, '2023-11-05', '04:00:00', '21:00:00', 1),
(378, 13, 3, '2023-11-09', '04:00:00', '21:00:00', 1),
(379, 13, 3, '2023-11-13', '04:00:00', '21:00:00', 1),
(380, 13, 3, '2023-11-17', '04:00:00', '21:00:00', 1),
(381, 13, 3, '2023-11-21', '04:00:00', '21:00:00', 1),
(382, 13, 3, '2023-11-25', '04:00:00', '21:00:00', 1),
(383, 14, 3, '2023-09-27', '04:00:00', '21:00:00', 1),
(384, 14, 3, '2023-10-01', '04:00:00', '21:00:00', 1),
(385, 14, 3, '2023-10-05', '04:00:00', '21:00:00', 1),
(386, 14, 3, '2023-10-09', '04:00:00', '21:00:00', 1),
(387, 14, 3, '2023-10-13', '04:00:00', '21:00:00', 1),
(388, 14, 3, '2023-10-17', '04:00:00', '21:00:00', 1),
(389, 14, 3, '2023-10-21', '04:00:00', '21:00:00', 1),
(390, 14, 3, '2023-10-25', '04:00:00', '21:00:00', 1),
(391, 14, 3, '2023-10-29', '04:00:00', '21:00:00', 1),
(392, 14, 3, '2023-11-02', '04:00:00', '21:00:00', 1),
(393, 14, 3, '2023-11-06', '04:00:00', '21:00:00', 1),
(394, 14, 3, '2023-11-10', '04:00:00', '21:00:00', 1),
(395, 14, 3, '2023-11-14', '04:00:00', '21:00:00', 1),
(396, 14, 3, '2023-11-18', '04:00:00', '21:00:00', 1),
(397, 14, 3, '2023-11-22', '04:00:00', '21:00:00', 1),
(398, 14, 3, '2023-11-26', '04:00:00', '21:00:00', 1),
(399, 15, 3, '2023-09-28', '04:00:00', '21:00:00', 1),
(400, 15, 3, '2023-10-02', '04:00:00', '21:00:00', 1),
(401, 15, 3, '2023-10-06', '04:00:00', '21:00:00', 1),
(402, 15, 3, '2023-10-10', '04:00:00', '21:00:00', 1),
(403, 15, 3, '2023-10-14', '04:00:00', '21:00:00', 1),
(404, 15, 3, '2023-10-18', '04:00:00', '21:00:00', 1),
(405, 15, 3, '2023-10-22', '04:00:00', '21:00:00', 1),
(406, 15, 3, '2023-10-26', '04:00:00', '21:00:00', 1),
(407, 15, 3, '2023-10-30', '04:00:00', '21:00:00', 1),
(408, 15, 3, '2023-11-03', '04:00:00', '21:00:00', 1),
(409, 15, 3, '2023-11-07', '04:00:00', '21:00:00', 1),
(410, 15, 3, '2023-11-11', '04:00:00', '21:00:00', 1),
(411, 15, 3, '2023-11-15', '04:00:00', '21:00:00', 1),
(412, 15, 3, '2023-11-19', '04:00:00', '21:00:00', 1),
(413, 15, 3, '2023-11-23', '04:00:00', '21:00:00', 1),
(414, 16, 3, '2023-09-29', '04:00:00', '21:00:00', 1),
(415, 16, 3, '2023-10-03', '04:00:00', '21:00:00', 1),
(416, 16, 3, '2023-10-07', '04:00:00', '21:00:00', 1),
(417, 16, 3, '2023-10-11', '04:00:00', '21:00:00', 1),
(418, 16, 3, '2023-10-15', '04:00:00', '21:00:00', 1),
(419, 16, 3, '2023-10-19', '04:00:00', '21:00:00', 1),
(420, 16, 3, '2023-10-23', '04:00:00', '21:00:00', 1),
(421, 16, 3, '2023-10-27', '04:00:00', '21:00:00', 1),
(422, 16, 3, '2023-10-31', '04:00:00', '21:00:00', 1),
(423, 16, 3, '2023-11-04', '04:00:00', '21:00:00', 1),
(424, 16, 3, '2023-11-08', '04:00:00', '21:00:00', 1),
(425, 16, 3, '2023-11-12', '04:00:00', '21:00:00', 1),
(426, 16, 3, '2023-11-16', '04:00:00', '21:00:00', 1),
(427, 16, 3, '2023-11-20', '04:00:00', '21:00:00', 1),
(428, 16, 3, '2023-11-24', '04:00:00', '21:00:00', 1),
(429, 13, 6, '2023-09-28', '04:00:00', '21:00:00', 1),
(430, 13, 6, '2023-10-02', '04:00:00', '21:00:00', 1),
(431, 13, 6, '2023-10-06', '04:00:00', '21:00:00', 1),
(432, 13, 6, '2023-10-10', '04:00:00', '21:00:00', 1),
(433, 13, 6, '2023-10-14', '04:00:00', '21:00:00', 1),
(434, 13, 6, '2023-10-18', '04:00:00', '21:00:00', 1),
(435, 13, 6, '2023-10-22', '04:00:00', '21:00:00', 1),
(436, 13, 6, '2023-10-26', '04:00:00', '21:00:00', 1),
(437, 13, 6, '2023-10-30', '04:00:00', '21:00:00', 1),
(438, 13, 6, '2023-11-03', '04:00:00', '21:00:00', 1),
(439, 13, 6, '2023-11-07', '04:00:00', '21:00:00', 1),
(440, 13, 6, '2023-11-11', '04:00:00', '21:00:00', 1),
(441, 13, 6, '2023-11-15', '04:00:00', '21:00:00', 1),
(442, 13, 6, '2023-11-19', '04:00:00', '21:00:00', 1),
(443, 13, 6, '2023-11-23', '04:00:00', '21:00:00', 1),
(444, 14, 6, '2023-09-29', '04:00:00', '21:00:00', 1),
(445, 14, 6, '2023-10-03', '04:00:00', '21:00:00', 1),
(446, 14, 6, '2023-10-07', '04:00:00', '21:00:00', 1),
(447, 14, 6, '2023-10-11', '04:00:00', '21:00:00', 1),
(448, 14, 6, '2023-10-15', '04:00:00', '21:00:00', 1),
(449, 14, 6, '2023-10-19', '04:00:00', '21:00:00', 1),
(450, 14, 6, '2023-10-23', '04:00:00', '21:00:00', 1),
(451, 14, 6, '2023-10-27', '04:00:00', '21:00:00', 1),
(452, 14, 6, '2023-10-31', '04:00:00', '21:00:00', 1),
(453, 14, 6, '2023-11-04', '04:00:00', '21:00:00', 1),
(454, 14, 6, '2023-11-08', '04:00:00', '21:00:00', 1),
(455, 14, 6, '2023-11-12', '04:00:00', '21:00:00', 1),
(456, 14, 6, '2023-11-16', '04:00:00', '21:00:00', 1),
(457, 14, 6, '2023-11-20', '04:00:00', '21:00:00', 1),
(458, 14, 6, '2023-11-24', '04:00:00', '21:00:00', 1),
(459, 15, 6, '2023-09-30', '04:00:00', '21:00:00', 1),
(460, 15, 6, '2023-10-04', '04:00:00', '21:00:00', 1),
(461, 15, 6, '2023-10-08', '04:00:00', '21:00:00', 1),
(462, 15, 6, '2023-10-12', '04:00:00', '21:00:00', 1),
(463, 15, 6, '2023-10-16', '04:00:00', '21:00:00', 1),
(464, 15, 6, '2023-10-20', '04:00:00', '21:00:00', 1),
(465, 15, 6, '2023-10-24', '04:00:00', '21:00:00', 1),
(466, 15, 6, '2023-10-28', '04:00:00', '21:00:00', 1),
(467, 15, 6, '2023-11-01', '04:00:00', '21:00:00', 1),
(468, 15, 6, '2023-11-05', '04:00:00', '21:00:00', 1),
(469, 15, 6, '2023-11-09', '04:00:00', '21:00:00', 1),
(470, 15, 6, '2023-11-13', '04:00:00', '21:00:00', 1),
(471, 15, 6, '2023-11-17', '04:00:00', '21:00:00', 1),
(472, 15, 6, '2023-11-21', '04:00:00', '21:00:00', 1),
(473, 15, 6, '2023-11-25', '04:00:00', '21:00:00', 1),
(474, 16, 6, '2023-10-01', '04:00:00', '21:00:00', 1),
(475, 16, 6, '2023-10-05', '04:00:00', '21:00:00', 1),
(476, 16, 6, '2023-10-09', '04:00:00', '21:00:00', 1),
(477, 16, 6, '2023-10-13', '04:00:00', '21:00:00', 1),
(478, 16, 6, '2023-10-17', '04:00:00', '21:00:00', 1),
(479, 16, 6, '2023-10-21', '04:00:00', '21:00:00', 1),
(480, 16, 6, '2023-10-25', '04:00:00', '21:00:00', 1),
(481, 16, 6, '2023-10-29', '04:00:00', '21:00:00', 1),
(482, 16, 6, '2023-11-02', '04:00:00', '21:00:00', 1),
(483, 16, 6, '2023-11-06', '04:00:00', '21:00:00', 1),
(484, 16, 6, '2023-11-10', '04:00:00', '21:00:00', 1),
(485, 16, 6, '2023-11-14', '04:00:00', '21:00:00', 1),
(486, 16, 6, '2023-11-18', '04:00:00', '21:00:00', 1),
(487, 16, 6, '2023-11-22', '04:00:00', '21:00:00', 1),
(488, 16, 6, '2023-11-26', '04:00:00', '21:00:00', 1);

-- --------------------------------------------------------

--
-- Table structure for table `tbl_card`
--

CREATE TABLE `tbl_card` (
  `Card_id` int(5) NOT NULL,
  `Customer_id` int(5) DEFAULT NULL,
  `Card_no` decimal(20,0) NOT NULL,
  `Card_holder` varchar(20) NOT NULL,
  `Cvv` decimal(3,0) NOT NULL,
  `Exp_date` varchar(7) NOT NULL
) ENGINE=InnoDB DEFAULT CHARSET=utf8mb4 COLLATE=utf8mb4_general_ci;

--
-- Dumping data for table `tbl_card`
--

INSERT INTO `tbl_card` (`Card_id`, `Customer_id`, `Card_no`, `Card_holder`, `Cvv`, `Exp_date`) VALUES
(1, 6, '12009995993395', 'Sooraj', '111', '2030-08'),
(2, 3, '1209520999605636', 'Aadhya', '222', '2023-08'),
(3, 4, '1234567890', 'Lechu', '888', '2038-06'),
(4, 7, '45377457389983839300', 'Raju Tk', '233', '2026-06'),
(5, 8, '34524454545245', 'Athul', '123', '2025-10'),
(6, 9, '2343254356446', 'Alen', '453', '2027-10'),
(7, 1, '4566457543578777', 'ADAM JOHN', '350', '2032-06');

-- --------------------------------------------------------

--
-- Table structure for table `tbl_customer`
--

CREATE TABLE `tbl_customer` (
  `Customer_id` int(5) NOT NULL,
  `Username` varchar(30) DEFAULT NULL,
  `C_fname` varchar(10) NOT NULL,
  `C_mname` varchar(10) NOT NULL,
  `C_lname` varchar(10) NOT NULL,
  `C_city` varchar(20) NOT NULL,
  `C_dist` varchar(20) NOT NULL,
  `C_state` varchar(20) NOT NULL,
  `C_pin` decimal(6,0) NOT NULL,
  `C_street` varchar(20) NOT NULL,
  `C_phone` decimal(10,0) NOT NULL,
  `C_gender` varchar(1) NOT NULL,
  `C_dob` date NOT NULL,
  `C_reg` date NOT NULL DEFAULT current_timestamp(),
  `C_Status` tinyint(1) NOT NULL
) ENGINE=InnoDB DEFAULT CHARSET=utf8mb4 COLLATE=utf8mb4_general_ci;

--
-- Dumping data for table `tbl_customer`
--

INSERT INTO `tbl_customer` (`Customer_id`, `Username`, `C_fname`, `C_mname`, `C_lname`, `C_city`, `C_dist`, `C_state`, `C_pin`, `C_street`, `C_phone`, `C_gender`, `C_dob`, `C_reg`, `C_Status`) VALUES
(1, 'adam@gmail.com', 'Adam', '', '', 'Kochi', 'Ernakulam', 'kerala', '682036', 'Panampilly Nagar', '9847500218', 'M', '1998-10-02', '2023-08-17', 1),
(2, 'ATHUL@GMAIL.COM', 'ATHUL', '', 'A', 'Kochi', 'Ernakulam', 'kerala', '682506', 'KUMBALAM', '9746208055', 'M', '2003-02-08', '2023-08-24', 1),
(3, 'aadhya@gmail.com', 'Aadhya', '', '', 'Hyderabad', 'Hyderabad', 'Telangana', '500650', 'Shamshabad', '6950847506', 'F', '2003-05-20', '2023-08-24', 1),
(4, 'lechuzz@gmail.com', 'Haritha', 's', 'hari', 'chengannur', 'Alappuzha', 'kerala', '689506', 'pandanad', '9207066221', 'F', '2006-06-11', '2023-08-26', 1),
(5, 'ammuslukos22@gmail.c', 'Ammus', 'jayesh', '', 'Kochi', 'Alappuzha', 'kerala', '686922', 'pandanad', '9526941376', 'F', '2002-03-01', '2023-08-29', 1),
(6, 'soorajkumar@gmail.com', 'Sooraj', '', '', 'Chengannur', 'Alappuzha', 'Kerala', '689506', 'pandanad', '9995995595', 'M', '2003-05-24', '2023-08-30', 1),
(7, 'raju@gmail.com', 'Alex', '', 'Tk', 'Kochi', 'Ernakulam', 'kerala', '788739', 'Kakkanad', '8887554356', 'M', '2005-07-09', '2023-09-03', 1),
(8, 'athul27@gmail.com', 'Athul', '', 'S', 'Kaduthuruthy', 'Kottayam', 'kerala', '686604', 'Kaduthuruthy', '8129635516', 'M', '2003-08-27', '2023-09-03', 1),
(9, 'ssss@gmail.com', 'Alen', '', '', 'Kochi', 'Ernakulam', 'kerala', '666666', 'Kakkanad', '8129635515', 'M', '2003-11-01', '2023-09-05', 1);

-- --------------------------------------------------------

--
-- Table structure for table `tbl_driver`
--

CREATE TABLE `tbl_driver` (
  `Driver_id` int(5) NOT NULL,
  `D_fname` varchar(10) NOT NULL,
  `D_mname` varchar(10) NOT NULL,
  `D_lname` varchar(10) NOT NULL,
  `D_licence_no` varchar(16) NOT NULL,
  `D_licence_expiry` date NOT NULL,
  `D_badge_no` varchar(15) NOT NULL,
  `D_city` varchar(20) NOT NULL,
  `D_dist` varchar(20) NOT NULL,
  `D_state` varchar(20) NOT NULL,
  `D_pin` decimal(6,0) NOT NULL,
  `D_street` varchar(20) NOT NULL,
  `D_phone` decimal(10,0) NOT NULL,
  `D_email` varchar(30) NOT NULL,
  `D_gender` varchar(1) NOT NULL,
  `D_dob` date NOT NULL,
  `D_join` date NOT NULL,
  `D_experience` varchar(2) NOT NULL
) ENGINE=InnoDB DEFAULT CHARSET=utf8mb4 COLLATE=utf8mb4_general_ci;

--
-- Dumping data for table `tbl_driver`
--

INSERT INTO `tbl_driver` (`Driver_id`, `D_fname`, `D_mname`, `D_lname`, `D_licence_no`, `D_licence_expiry`, `D_badge_no`, `D_city`, `D_dist`, `D_state`, `D_pin`, `D_street`, `D_phone`, `D_email`, `D_gender`, `D_dob`, `D_join`, `D_experience`) VALUES
(1, 'Vinod', '', 'S', '7801256987', '2040-03-01', '136400', 'kozhikode', 'Alappuzha', 'Kerala', '689505', 'SM Street', '6238965231', 'Vinod50@gmail.com', 'M', '1990-10-29', '2020-01-01', '3'),
(2, 'Athul', '', 'S', '1423512343', '2023-08-30', '27', 'kaduthuruthy', 'Kottayam', 'Kerala', '686604', 'kumbala', '8921635516', 'athul@gmail.com', 'M', '2003-08-27', '2023-08-22', '3'),
(3, 'sunny', '', 'J', '780600', '2035-11-01', '62030022', 'kannur', 'Kannur', 'Kerala', '606500', 'payyanur', '7892005822', 'Sunnyj@gmail.com', 'M', '1997-10-01', '2022-11-01', '5'),
(4, 'Sunil', '', '', '89252000', '2035-01-30', '98141000', 'kollam', 'Kollam', 'Kerala', '698200', 'Karunagapally', '7088852089', 'sunil@gmail.com', 'M', '1997-11-10', '2023-08-26', '5'),
(5, 'Rijo', '', '', '7880009988490885', '2023-09-30', '585022', 'kochi', 'Ernakulam', 'Kerala', '688570', 'Edappally', '9586023523', 'rijo@gmail.com', 'M', '1997-08-31', '2023-09-27', '5'),
(6, 'Viraj', '', '', '68520046959464', '2027-10-15', '466530', 'Alappuzha', 'Alappuzha', 'Kerala', '689500', 'Alappuzha', '9879205564', 'Viraj@gmail.com', 'M', '1998-05-03', '2023-09-22', '5'),
(7, 'Ram', '', '', '54974201546465', '2050-08-15', '888500015', 'kasargod', 'Kasargod', 'Kerala', '698522', 'kumbala', '7885100125', 'ram@gmail.com', 'M', '1990-12-07', '2023-09-22', '8'),
(8, 'Sandeep', '', '', '75001245454', '2030-02-15', '5545454510', 'Ernakulam', 'Ernakulam', 'Kerala', '645450', 'Muvattupuzha', '8541021548', 'sandeep@gmail.com', 'M', '1995-11-03', '2023-09-22', '6'),
(9, 'Joseph', '', '', '780665320556', '2035-09-05', '75605248', 'Pathanamthitta', 'Pathanamthitta', 'Kerala', '688705', 'Kozhencherry', '6289560565', 'joseph@gmail.com', 'M', '1994-08-02', '2023-09-22', '6'),
(10, 'Roshan', '', '', '698510151502', '2030-07-04', '651015454', 'Sulthan bathery', 'Wayanad', 'Kerala', '635448', 'Sulthan bathery', '9864205560', 'roshan@gmail.com', 'M', '1997-03-05', '2023-09-22', '8'),
(11, 'Aanand', '', '', '847905560510', '2028-09-05', '4545485410', 'kannur', 'Kannur', 'Kerala', '687890', 'kannur', '9654044845', 'anand@gmail.com', 'M', '1996-09-05', '2023-09-22', '7'),
(12, 'Kiran', '', '', '6941084151', '2034-03-05', '65460155055', 'kasargod', 'Kasargod', 'Kerala', '654540', 'kasargod', '6891005154', 'kiran@gmail.com', 'M', '1995-07-20', '2023-09-22', '6'),
(13, 'Vishnu', '', '', '972006546464', '2040-06-05', '80870808', 'Palakkad', 'Palakkad', 'Kerala', '689008', 'Palakkad', '9878808800', 'vishnu@gmail.com', 'M', '1994-09-23', '2023-09-23', '6'),
(14, 'Devan', '', '', '589784005450', '2035-06-18', '455401456', 'Thrissur', 'Thrissur', 'Kerala', '649412', 'Chalakkudy', '9585300256', 'Devan@gmail.com', 'M', '1997-07-25', '2023-09-26', '6'),
(15, 'Kuriakose', '', '', '54420945956', '2031-08-17', '5459451048', 'Ernakulam', 'Ernakulam', 'Kerala', '678500', 'Aluva', '9745203656', 'Kuriakose@gmail.com', 'M', '1995-09-06', '2023-09-26', '7'),
(16, 'Robert', '', '', '285098630001', '2045-05-02', '4954001546', 'Trivandrum', 'Thiruvananthapuram', 'Kerala', '698520', 'Varkala', '6289851100', 'Robert@gmail.com', 'M', '1996-08-31', '2023-09-26', '7'),
(17, 'Goutham', '', '', '9558912596512', '2028-06-09', '46322', 'Chengannur', 'Alappuzha', 'Kerala', '689121', 'Manaar', '9744452012', 'goutham12@gmail.com', 'M', '1995-12-06', '2023-10-05', '8'),
(18, 'Karthik', '', '', '8746239236673', '2027-06-16', '3874494', 'Sasthamcotta', 'Kollam', 'Kerala', '690540', 'Bharanikaavu', '8135879573', 'karthik19@gmail.com', 'M', '1993-06-17', '2023-10-05', '7'),
(19, 'Isaac', '', 'Josy', '745568654369', '2029-09-13', '8756474', 'Payyanur', 'Kannur', 'Kerala', '378633', 'Kannur', '8129387759', 'isaacjosy@gmail.com', 'M', '1993-06-17', '2023-10-05', '8'),
(20, 'Alwin', '', '', '874829477447', '2028-07-14', '983485', 'Trivandrum', 'Thiruvananthapuram', 'Kerala', '465383', 'Kazhakootam', '7994212532', 'alwin23@gmail.com', 'M', '1992-05-09', '2023-10-05', '7');

-- --------------------------------------------------------

--
-- Table structure for table `tbl_driver_bus`
--

CREATE TABLE `tbl_driver_bus` (
  `Driver_bus_id` int(5) NOT NULL,
  `Bus_id` int(5) DEFAULT NULL,
  `Driver_id` int(5) DEFAULT NULL,
  `Allocation_date` date NOT NULL,
  `Start_time` time NOT NULL,
  `End_time` time NOT NULL,
  `Db_status` tinyint(1) NOT NULL
) ENGINE=InnoDB DEFAULT CHARSET=utf8mb4 COLLATE=utf8mb4_general_ci;

--
-- Dumping data for table `tbl_driver_bus`
--

INSERT INTO `tbl_driver_bus` (`Driver_bus_id`, `Bus_id`, `Driver_id`, `Allocation_date`, `Start_time`, `End_time`, `Db_status`) VALUES
(1, 1, 1, '2023-08-26', '06:00:00', '18:00:00', 1),
(2, 2, 2, '2023-08-19', '17:00:00', '05:00:00', 1),
(3, 3, 3, '2023-08-19', '10:00:00', '23:00:00', 1),
(4, 4, 4, '2023-08-26', '17:00:00', '05:00:00', 1),
(5, 5, 6, '2023-09-22', '16:00:00', '06:00:00', 1),
(6, 6, 5, '2023-09-22', '17:00:00', '06:00:00', 1),
(7, 7, 7, '2023-09-22', '16:00:00', '06:00:00', 1),
(8, 8, 8, '2023-09-22', '16:00:00', '06:00:00', 1),
(9, 9, 9, '2023-09-22', '17:00:00', '12:00:00', 1),
(10, 10, 10, '2023-09-22', '12:00:00', '12:00:00', 1),
(11, 11, 11, '2023-09-22', '12:00:00', '12:00:00', 1),
(12, 12, 12, '2023-09-22', '12:00:00', '12:00:00', 1),
(13, 13, 13, '2023-09-26', '12:00:00', '12:00:00', 1),
(14, 14, 14, '2023-09-26', '12:00:00', '12:00:00', 1),
(15, 15, 15, '2023-09-26', '12:00:00', '12:00:00', 1),
(16, 16, 16, '2023-09-26', '12:00:00', '12:00:00', 1);

-- --------------------------------------------------------

--
-- Table structure for table `tbl_farestage`
--

CREATE TABLE `tbl_farestage` (
  `Farestage_id` int(11) NOT NULL,
  `Base_fare` decimal(5,0) NOT NULL,
  `Additional_fare` decimal(5,0) NOT NULL,
  `F_status` tinyint(1) NOT NULL
) ENGINE=InnoDB DEFAULT CHARSET=utf8mb4 COLLATE=utf8mb4_general_ci;

--
-- Dumping data for table `tbl_farestage`
--

INSERT INTO `tbl_farestage` (`Farestage_id`, `Base_fare`, `Additional_fare`, `F_status`) VALUES
(1, '100', '2', 1);

-- --------------------------------------------------------

--
-- Table structure for table `tbl_feedback`
--

CREATE TABLE `tbl_feedback` (
  `Feedback_id` int(5) NOT NULL,
  `Customer_id` int(5) DEFAULT NULL,
  `Ticket_id` int(5) DEFAULT NULL,
  `Feedback_date` date NOT NULL DEFAULT current_timestamp(),
  `Bus_rating` decimal(1,0) NOT NULL,
  `Driver_rating` decimal(1,0) NOT NULL,
  `Comment` varchar(50) NOT NULL,
  `Complaint` tinyint(1) NOT NULL
) ENGINE=InnoDB DEFAULT CHARSET=utf8mb4 COLLATE=utf8mb4_general_ci;

--
-- Dumping data for table `tbl_feedback`
--

INSERT INTO `tbl_feedback` (`Feedback_id`, `Customer_id`, `Ticket_id`, `Feedback_date`, `Bus_rating`, `Driver_rating`, `Comment`, `Complaint`) VALUES
(1, 6, 1, '2023-10-12', '5', '5', 'Nice', 0);

-- --------------------------------------------------------

--
-- Table structure for table `tbl_login`
--

CREATE TABLE `tbl_login` (
  `Username` varchar(30) NOT NULL,
  `login_Password` varchar(100) NOT NULL,
  `login_type` enum('user','admin') DEFAULT 'user',
  `login_status` tinyint(1) DEFAULT 0
) ENGINE=InnoDB DEFAULT CHARSET=utf8mb4 COLLATE=utf8mb4_general_ci;

--
-- Dumping data for table `tbl_login`
--

INSERT INTO `tbl_login` (`Username`, `login_Password`, `login_type`, `login_status`) VALUES
('aadhya@gmail.com', '$2y$10$1P8EEkkb3UD4QJt1l2VJm.kp3uhdsWE4Zd.C4KLdgRL2V16i32Cly', 'user', 0),
('adam@gmail.com', '$2y$10$MTCmahf9ZgOb0e1lvSyKcOgAjqjMEeDLQctcskgrr8i/zTK2PY3ae', 'user', 0),
('Admin@gmail.com', '$2a$12$q4QGj3o77zOANAo03Y19PuINIEcaBAc0nnXRdEk2.ltNo4gJyQw5u', 'admin', 0),
('ammuslukos22@gmail.c', '$2y$10$uwLpxBxQw6KRQJcWmGjfbeE41I6.EaEpTW.knOA2CWsGRFfTvypuK', 'user', 0),
('athul27@gmail.com', '$2y$10$8CNSzbEo6Q42gmygPzJL6eAjuPguYyUdDAqAQQJsGqAh1AvPFSyA2', 'user', 0),
('ATHUL@GMAIL.COM', '$2y$10$46GaTWrSzMM7AktPA.3BzugRKiR54KeLza10LY751pZY5hGpSWBaW', 'user', 0),
('lechuzz@gmail.com', '$2y$10$caJowXxNmU5V72KjkNi1O.eokEZxp1XdnVVGeTLjET5ViKBgTxoGO', 'user', 0),
('raju@gmail.com', '$2y$10$2yCxzkJV.FGrwvtnfPdS2uDO0.rRD15edrCAv1MgZoTkDj0bs.IF2', 'user', 0),
('soorajkumar@gmail.com', '$2y$10$gjIXqpb8Ty9HclUm5cHuwuR7v5/TIe6CVqEilp9wG6EgTqe4EsTiy', 'user', 0),
('ssss@gmail.com', '$2y$10$pwPxGoI/PROaPMp.nMTeB.jtJOaKo0MJnobNScXX3VDyhPfJ8XUYC', 'user', 0);

-- --------------------------------------------------------

--
-- Table structure for table `tbl_payment`
--

CREATE TABLE `tbl_payment` (
  `Payment_id` int(5) NOT NULL,
  `Booking_master_id` int(5) DEFAULT NULL,
  `Card_id` int(5) DEFAULT NULL,
  `Payment_date` date NOT NULL,
  `Refund_amount` decimal(5,0) NOT NULL,
  `Payment_status` tinyint(1) NOT NULL
) ENGINE=InnoDB DEFAULT CHARSET=utf8mb4 COLLATE=utf8mb4_general_ci;

--
-- Dumping data for table `tbl_payment`
--

INSERT INTO `tbl_payment` (`Payment_id`, `Booking_master_id`, `Card_id`, `Payment_date`, `Refund_amount`, `Payment_status`) VALUES
(1, 1, 1, '2023-10-12', '0', 1);

-- --------------------------------------------------------

--
-- Table structure for table `tbl_route`
--

CREATE TABLE `tbl_route` (
  `Route_id` int(5) NOT NULL,
  `Route_no` decimal(4,0) NOT NULL,
  `Route_name` varchar(20) NOT NULL,
  `Starting_point` varchar(20) NOT NULL,
  `Destination` varchar(20) NOT NULL,
  `Distance` decimal(4,0) NOT NULL,
  `Route_status` tinyint(1) DEFAULT 1
) ENGINE=InnoDB DEFAULT CHARSET=utf8mb4 COLLATE=utf8mb4_general_ci;

--
-- Dumping data for table `tbl_route`
--

INSERT INTO `tbl_route` (`Route_id`, `Route_no`, `Route_name`, `Starting_point`, `Destination`, `Distance`, `Route_status`) VALUES
(1, '1', 'EKM_SLM_BLR', 'ERNAKULAM', 'BENGALURU', '570', 1),
(2, '2', 'TVM_SBY_BLR', 'THIRUVANANTHAPURAM', 'BENGALURU', '763', 1),
(3, '3', 'EKM_ERD_CNI', 'ERNAKULAM', 'CHENNAI', '705', 1),
(4, '4', 'BLR_SLM_EKM', 'BENGALURU', 'ERNAKULAM', '570', 1),
(5, '5', 'BLR_SBY_TVM', 'BENGALURU', 'THIRUVANANTHAPURAM', '763', 1),
(6, '6', 'CNI_ERD_EKM', 'CHENNAI', 'ERNAKULAM', '705', 1),
(7, '7', 'TVM_SLM_HYD', 'THIRUVANANTHAPURAM', 'HYDERABAD', '1367', 1),
(8, '8', 'HYD_SLM_TVM', 'HYDERABAD', 'THIRUVANANTHAPURAM', '1367', 1),
(9, '9', 'TVM_KTM_PJI', 'THIRUVANANTHAPURAM', 'PANAJI', '980', 1),
(10, '10', 'PJI_KTM_TVM', 'PANAJI', 'THIRUVANANTHAPURAM', '980', 1);

-- --------------------------------------------------------

--
-- Table structure for table `tbl_stop`
--

CREATE TABLE `tbl_stop` (
  `Stop_id` int(5) NOT NULL,
  `Route_id` int(5) NOT NULL,
  `Stop_no` decimal(5,0) NOT NULL,
  `Stop_name` varchar(20) NOT NULL,
  `Arrival_time` time NOT NULL,
  `Distance` decimal(4,0) NOT NULL,
  `Stop_status` tinyint(1) NOT NULL,
  `Main` tinyint(1) NOT NULL
) ENGINE=InnoDB DEFAULT CHARSET=utf8mb4 COLLATE=utf8mb4_general_ci;

--
-- Dumping data for table `tbl_stop`
--

INSERT INTO `tbl_stop` (`Stop_id`, `Route_id`, `Stop_no`, `Stop_name`, `Arrival_time`, `Distance`, `Stop_status`, `Main`) VALUES
(1, 1, '1', 'Ernakulam', '17:00:00', '0', 1, 0),
(2, 1, '2', 'Thrissur', '19:30:00', '75', 1, 0),
(3, 1, '3', 'Palakkad', '20:45:00', '137', 1, 1),
(4, 1, '4', 'Coimbatore', '22:00:00', '200', 1, 0),
(5, 1, '5', 'Erode', '23:30:00', '292', 1, 0),
(6, 1, '6', 'Salem', '12:30:00', '358', 1, 1),
(7, 1, '7', 'Dharmapuri', '02:00:00', '428', 1, 0),
(8, 1, '8', 'krishnagiri', '03:00:00', '476', 1, 0),
(9, 1, '9', 'Hosur', '03:45:00', '526', 1, 1),
(10, 1, '10', 'Bengaluru', '05:00:00', '570', 1, 0),
(12, 2, '1', 'Trivandrum', '09:00:00', '0', 1, 0),
(13, 2, '2', 'Kollam', '11:00:00', '71', 1, 0),
(14, 2, '3', 'Alappuzha', '13:15:00', '155', 1, 1),
(15, 2, '4', 'Ernakulam', '14:45:00', '215', 1, 1),
(16, 2, '5', 'Thrissur', '17:15:00', '290', 1, 0),
(17, 2, '6', 'Kozhikode', '20:45:00', '410', 1, 1),
(18, 2, '7', 'Sulthan Bathery', '23:45:00', '508', 1, 1),
(19, 2, '8', 'Mysuru', '02:15:00', '623', 1, 1),
(20, 2, '9', 'Mandya', '03:00:00', '663', 1, 0),
(21, 2, '10', 'Bengaluru', '04:30:00', '763', 1, 0),
(22, 3, '1', 'Ernakulam', '05:00:00', '0', 1, 0),
(23, 3, '2', 'Thrissur', '07:30:00', '75', 1, 0),
(24, 3, '3', 'Palakkad', '08:45:00', '137', 1, 1),
(25, 3, '4', 'Coimbatore', '11:00:00', '200', 1, 0),
(26, 3, '5', 'Erode', '12:30:00', '292', 1, 0),
(27, 3, '6', 'Salem', '13:30:00', '358', 1, 1),
(28, 3, '7', 'Attur', '14:30:00', '411', 1, 0),
(29, 3, '8', 'Villupuram', '16:30:00', '534', 1, 1),
(30, 3, '9', 'Tindivanam', '17:15:00', '574', 1, 0),
(31, 3, '10', 'Chennai', '19:45:00', '705', 1, 0),
(32, 4, '1', 'Bengaluru', '17:00:00', '0', 1, 0),
(33, 4, '2', 'Hosur', '18:15:00', '44', 1, 1),
(34, 4, '3', 'krishnagiri', '19:00:00', '94', 1, 0),
(35, 4, '4', 'Dharmapuri', '20:00:00', '142', 1, 0),
(36, 4, '5', 'Salem', '21:30:00', '212', 1, 1),
(37, 4, '6', 'Erode', '22:30:00', '278', 1, 0),
(38, 4, '7', 'Coimbatore', '12:00:00', '370', 1, 0),
(39, 4, '8', 'Palakkad', '01:15:00', '433', 1, 1),
(40, 4, '9', 'Thrissur', '02:30:00', '495', 1, 0),
(41, 4, '10', 'Ernakulam', '05:00:00', '570', 1, 0),
(42, 5, '1', 'Bengaluru', '15:00:00', '0', 1, 0),
(43, 5, '2', 'Mandya', '16:30:00', '100', 1, 0),
(44, 5, '3', 'Mysuru', '17:45:00', '140', 1, 1),
(45, 5, '4', 'Sulthan Bathery', '20:45:00', '255', 1, 1),
(46, 5, '5', 'Kozhikode', '23:45:00', '353', 1, 1),
(47, 5, '6', 'Thrissur', '03:15:00', '473', 1, 0),
(48, 5, '7', 'Ernakulam', '05:45:00', '548', 1, 1),
(49, 5, '8', 'Alappuzha', '07:15:00', '608', 1, 1),
(50, 5, '9', 'Kollam', '09:30:00', '692', 1, 0),
(51, 5, '10', 'Trivandrum', '11:30:00', '763', 1, 0),
(52, 6, '1', 'Chennai', '05:00:00', '0', 1, 0),
(53, 6, '2', 'Tindivanam', '07:30:00', '131', 1, 0),
(54, 6, '3', 'Villupuram', '08:15:00', '171', 1, 1),
(55, 6, '4', 'Attur', '10:15:00', '294', 1, 0),
(56, 6, '5', 'Salem', '11:15:00', '347', 1, 1),
(57, 6, '6', 'Erode', '12:15:00', '413', 1, 0),
(58, 6, '7', 'Coimbatore', '13:45:00', '505', 1, 0),
(59, 6, '8', 'Palakkad', '15:00:00', '568', 1, 1),
(60, 6, '9', 'Thrissur', '16:15:00', '630', 1, 0),
(61, 6, '10', 'Ernakulam', '18:45:00', '705', 1, 0),
(62, 7, '1', 'Trivandrum', '16:00:00', '0', 1, 0),
(63, 7, '2', 'Kottarakkara', '17:45:00', '71', 1, 1),
(64, 7, '3', 'Adoor', '18:15:00', '91', 1, 0),
(65, 7, '4', 'Chengannur', '19:00:00', '117', 1, 0),
(66, 7, '5', 'Thiruvalla', '19:15:00', '126', 1, 0),
(67, 7, '6', 'Changanassery', '19:30:00', '134', 1, 0),
(68, 7, '7', 'Kottayam', '20:00:00', '152', 1, 1),
(69, 7, '8', 'Muvattupuzha', '21:15:00', '205', 1, 0),
(70, 7, '9', 'Angamaly', '22:15:00', '240', 1, 0),
(71, 7, '10', 'Thrissur', '23:15:00', '283', 1, 0),
(72, 7, '11', 'Palakkad', '12:30:00', '345', 1, 1),
(73, 7, '12', 'Coimbatore', '01:45:00', '408', 1, 0),
(74, 7, '13', 'Erode', '03:15:00', '500', 1, 0),
(75, 7, '14', 'Salem', '04:15:00', '566', 1, 1),
(76, 7, '15', 'Dharmapuri', '05:45:00', '636', 1, 0),
(77, 7, '16', 'krishnagiri', '06:45:00', '684', 1, 0),
(78, 7, '17', 'Hosur', '07:30:00', '734', 1, 0),
(79, 7, '18', 'Bengaluru', '08:45:00', '778', 1, 1),
(80, 7, '19', 'Anantapur', '13:00:00', '996', 1, 0),
(81, 7, '20', 'Kurnool', '15:15:00', '1142', 1, 1),
(82, 7, '21', 'Mahabubnagar', '17:15:00', '1267', 1, 0),
(83, 7, '22', 'Hyderabad', '19:35:00', '1367', 1, 0),
(84, 8, '1', 'Hyderabad', '05:00:00', '0', 1, 0),
(85, 8, '2', 'Mahabubnagar', '07:15:00', '100', 1, 0),
(86, 8, '3', 'Kurnool', '09:15:00', '225', 1, 1),
(87, 8, '4', 'Anantapur', '11:30:00', '371', 1, 0),
(88, 8, '5', 'Bengaluru', '15:30:00', '589', 1, 1),
(89, 8, '6', 'Hosur', '16:45:00', '633', 1, 0),
(90, 8, '7', 'krishnagiri', '17:30:00', '683', 1, 0),
(91, 8, '8', 'Dharmapuri', '18:30:00', '731', 1, 0),
(92, 8, '9', 'Salem', '20:00:00', '801', 1, 1),
(93, 8, '10', 'Erode', '21:00:00', '867', 1, 0),
(94, 8, '11', 'Coimbatore', '22:30:00', '959', 1, 0),
(95, 8, '12', 'Palakkad', '23:45:00', '1022', 1, 1),
(96, 8, '13', 'Thrissur', '01:00:00', '1084', 1, 0),
(97, 8, '14', 'Angamaly', '02:00:00', '1127', 1, 0),
(98, 8, '15', 'Muvattupuzha', '03:00:00', '1162', 1, 0),
(99, 8, '16', 'Kottayam', '04:15:00', '1215', 1, 1),
(100, 8, '17', 'Changanassery', '04:45:00', '1233', 1, 0),
(101, 8, '18', 'Thiruvalla', '04:59:00', '1241', 1, 0),
(102, 8, '19', 'Chengannur', '05:15:00', '1250', 1, 0),
(103, 8, '20', 'Adoor', '06:00:00', '1276', 1, 0),
(104, 8, '21', 'Kottarakkara', '06:30:00', '1296', 1, 1),
(105, 8, '22', 'Trivandrum', '08:15:00', '1367', 1, 0);

-- --------------------------------------------------------

--
-- Table structure for table `tbl_ticket`
--

CREATE TABLE `tbl_ticket` (
  `Ticket_id` int(5) NOT NULL,
  `Customer_id` int(5) DEFAULT NULL,
  `Booking_master_id` int(5) DEFAULT NULL,
  `Payment_id` int(5) DEFAULT NULL,
  `Ticket_number` varchar(10) NOT NULL,
  `Journey_date` date NOT NULL,
  `Journey_stime` time NOT NULL,
  `Journey_etime` time NOT NULL,
  `Ticket_status` tinyint(1) NOT NULL
) ENGINE=InnoDB DEFAULT CHARSET=utf8mb4 COLLATE=utf8mb4_general_ci;

--
-- Dumping data for table `tbl_ticket`
--

INSERT INTO `tbl_ticket` (`Ticket_id`, `Customer_id`, `Booking_master_id`, `Payment_id`, `Ticket_number`, `Journey_date`, `Journey_stime`, `Journey_etime`, `Ticket_status`) VALUES
(1, 6, 1, 1, 'AL-23001', '2023-10-30', '19:00:00', '19:35:00', 1);

--
-- Indexes for dumped tables
--

--
-- Indexes for table `tbl_booking_child`
--
ALTER TABLE `tbl_booking_child`
  ADD PRIMARY KEY (`Booking_child_id`),
  ADD KEY `Booking_master_id` (`Booking_master_id`);

--
-- Indexes for table `tbl_booking_master`
--
ALTER TABLE `tbl_booking_master`
  ADD PRIMARY KEY (`Booking_master_id`),
  ADD KEY `Customer_id` (`Customer_id`),
  ADD KEY `Bus_route_id` (`Bus_route_id`),
  ADD KEY `Farestage_id` (`Farestage_id`);

--
-- Indexes for table `tbl_bus`
--
ALTER TABLE `tbl_bus`
  ADD PRIMARY KEY (`Bus_id`),
  ADD UNIQUE KEY `Bus_Reg_no` (`Bus_Reg_no`);

--
-- Indexes for table `tbl_bus_route`
--
ALTER TABLE `tbl_bus_route`
  ADD PRIMARY KEY (`Bus_route_id`),
  ADD KEY `Driver_bus_id` (`Driver_bus_id`),
  ADD KEY `Route_id` (`Route_id`);

--
-- Indexes for table `tbl_card`
--
ALTER TABLE `tbl_card`
  ADD PRIMARY KEY (`Card_id`),
  ADD KEY `Customer_id` (`Customer_id`);

--
-- Indexes for table `tbl_customer`
--
ALTER TABLE `tbl_customer`
  ADD PRIMARY KEY (`Customer_id`),
  ADD UNIQUE KEY `C_phone` (`C_phone`),
  ADD UNIQUE KEY `Username` (`Username`);

--
-- Indexes for table `tbl_driver`
--
ALTER TABLE `tbl_driver`
  ADD PRIMARY KEY (`Driver_id`),
  ADD UNIQUE KEY `D_phone` (`D_phone`),
  ADD UNIQUE KEY `D_email` (`D_email`);

--
-- Indexes for table `tbl_driver_bus`
--
ALTER TABLE `tbl_driver_bus`
  ADD PRIMARY KEY (`Driver_bus_id`),
  ADD KEY `Bus_id` (`Bus_id`),
  ADD KEY `Driver_id` (`Driver_id`);

--
-- Indexes for table `tbl_farestage`
--
ALTER TABLE `tbl_farestage`
  ADD PRIMARY KEY (`Farestage_id`);

--
-- Indexes for table `tbl_feedback`
--
ALTER TABLE `tbl_feedback`
  ADD PRIMARY KEY (`Feedback_id`),
  ADD KEY `Customer_id` (`Customer_id`),
  ADD KEY `Ticket_id` (`Ticket_id`);

--
-- Indexes for table `tbl_login`
--
ALTER TABLE `tbl_login`
  ADD PRIMARY KEY (`Username`),
  ADD UNIQUE KEY `Username` (`Username`);

--
-- Indexes for table `tbl_payment`
--
ALTER TABLE `tbl_payment`
  ADD PRIMARY KEY (`Payment_id`),
  ADD KEY `Booking_master_id` (`Booking_master_id`),
  ADD KEY `Card_id` (`Card_id`);

--
-- Indexes for table `tbl_route`
--
ALTER TABLE `tbl_route`
  ADD PRIMARY KEY (`Route_id`),
  ADD UNIQUE KEY `Route_no` (`Route_no`);

--
-- Indexes for table `tbl_stop`
--
ALTER TABLE `tbl_stop`
  ADD PRIMARY KEY (`Stop_id`),
  ADD KEY `Route_id` (`Route_id`);

--
-- Indexes for table `tbl_ticket`
--
ALTER TABLE `tbl_ticket`
  ADD PRIMARY KEY (`Ticket_id`),
  ADD KEY `Customer_id` (`Customer_id`),
  ADD KEY `Booking_master_id` (`Booking_master_id`),
  ADD KEY `Payment_id` (`Payment_id`);

--
-- AUTO_INCREMENT for dumped tables
--

--
-- AUTO_INCREMENT for table `tbl_booking_child`
--
ALTER TABLE `tbl_booking_child`
  MODIFY `Booking_child_id` int(5) NOT NULL AUTO_INCREMENT, AUTO_INCREMENT=2;

--
-- AUTO_INCREMENT for table `tbl_booking_master`
--
ALTER TABLE `tbl_booking_master`
  MODIFY `Booking_master_id` int(5) NOT NULL AUTO_INCREMENT, AUTO_INCREMENT=2;

--
-- AUTO_INCREMENT for table `tbl_bus`
--
ALTER TABLE `tbl_bus`
  MODIFY `Bus_id` int(5) NOT NULL AUTO_INCREMENT, AUTO_INCREMENT=21;

--
-- AUTO_INCREMENT for table `tbl_bus_route`
--
ALTER TABLE `tbl_bus_route`
  MODIFY `Bus_route_id` int(5) NOT NULL AUTO_INCREMENT, AUTO_INCREMENT=489;

--
-- AUTO_INCREMENT for table `tbl_card`
--
ALTER TABLE `tbl_card`
  MODIFY `Card_id` int(5) NOT NULL AUTO_INCREMENT, AUTO_INCREMENT=8;

--
-- AUTO_INCREMENT for table `tbl_customer`
--
ALTER TABLE `tbl_customer`
  MODIFY `Customer_id` int(5) NOT NULL AUTO_INCREMENT, AUTO_INCREMENT=10;

--
-- AUTO_INCREMENT for table `tbl_driver`
--
ALTER TABLE `tbl_driver`
  MODIFY `Driver_id` int(5) NOT NULL AUTO_INCREMENT, AUTO_INCREMENT=21;

--
-- AUTO_INCREMENT for table `tbl_driver_bus`
--
ALTER TABLE `tbl_driver_bus`
  MODIFY `Driver_bus_id` int(5) NOT NULL AUTO_INCREMENT, AUTO_INCREMENT=17;

--
-- AUTO_INCREMENT for table `tbl_farestage`
--
ALTER TABLE `tbl_farestage`
  MODIFY `Farestage_id` int(11) NOT NULL AUTO_INCREMENT, AUTO_INCREMENT=6;

--
-- AUTO_INCREMENT for table `tbl_feedback`
--
ALTER TABLE `tbl_feedback`
  MODIFY `Feedback_id` int(5) NOT NULL AUTO_INCREMENT, AUTO_INCREMENT=2;

--
-- AUTO_INCREMENT for table `tbl_payment`
--
ALTER TABLE `tbl_payment`
  MODIFY `Payment_id` int(5) NOT NULL AUTO_INCREMENT, AUTO_INCREMENT=2;

--
-- AUTO_INCREMENT for table `tbl_route`
--
ALTER TABLE `tbl_route`
  MODIFY `Route_id` int(5) NOT NULL AUTO_INCREMENT, AUTO_INCREMENT=11;

--
-- AUTO_INCREMENT for table `tbl_stop`
--
ALTER TABLE `tbl_stop`
  MODIFY `Stop_id` int(5) NOT NULL AUTO_INCREMENT, AUTO_INCREMENT=106;

--
-- AUTO_INCREMENT for table `tbl_ticket`
--
ALTER TABLE `tbl_ticket`
  MODIFY `Ticket_id` int(5) NOT NULL AUTO_INCREMENT, AUTO_INCREMENT=2;

--
-- Constraints for dumped tables
--

--
-- Constraints for table `tbl_booking_child`
--
ALTER TABLE `tbl_booking_child`
  ADD CONSTRAINT `tbl_booking_child_ibfk_1` FOREIGN KEY (`Booking_master_id`) REFERENCES `tbl_booking_master` (`Booking_master_id`);

--
-- Constraints for table `tbl_booking_master`
--
ALTER TABLE `tbl_booking_master`
  ADD CONSTRAINT `tbl_booking_master_ibfk_1` FOREIGN KEY (`Customer_id`) REFERENCES `tbl_customer` (`Customer_id`),
  ADD CONSTRAINT `tbl_booking_master_ibfk_2` FOREIGN KEY (`Bus_route_id`) REFERENCES `tbl_bus_route` (`Bus_route_id`),
  ADD CONSTRAINT `tbl_booking_master_ibfk_3` FOREIGN KEY (`Farestage_id`) REFERENCES `tbl_farestage` (`Farestage_id`);

--
-- Constraints for table `tbl_bus_route`
--
ALTER TABLE `tbl_bus_route`
  ADD CONSTRAINT `tbl_bus_route_ibfk_1` FOREIGN KEY (`Driver_bus_id`) REFERENCES `tbl_driver_bus` (`Driver_bus_id`),
  ADD CONSTRAINT `tbl_bus_route_ibfk_2` FOREIGN KEY (`Route_id`) REFERENCES `tbl_route` (`Route_id`);

--
-- Constraints for table `tbl_card`
--
ALTER TABLE `tbl_card`
  ADD CONSTRAINT `tbl_card_ibfk_1` FOREIGN KEY (`Customer_id`) REFERENCES `tbl_customer` (`Customer_id`);

--
-- Constraints for table `tbl_customer`
--
ALTER TABLE `tbl_customer`
  ADD CONSTRAINT `tbl_customer_ibfk_1` FOREIGN KEY (`Username`) REFERENCES `tbl_login` (`Username`);

--
-- Constraints for table `tbl_driver_bus`
--
ALTER TABLE `tbl_driver_bus`
  ADD CONSTRAINT `tbl_driver_bus_ibfk_1` FOREIGN KEY (`Bus_id`) REFERENCES `tbl_bus` (`Bus_id`),
  ADD CONSTRAINT `tbl_driver_bus_ibfk_2` FOREIGN KEY (`Driver_id`) REFERENCES `tbl_driver` (`Driver_id`);

--
-- Constraints for table `tbl_feedback`
--
ALTER TABLE `tbl_feedback`
  ADD CONSTRAINT `tbl_feedback_ibfk_1` FOREIGN KEY (`Customer_id`) REFERENCES `tbl_customer` (`Customer_id`),
  ADD CONSTRAINT `tbl_feedback_ibfk_2` FOREIGN KEY (`Ticket_id`) REFERENCES `tbl_ticket` (`Ticket_id`);

--
-- Constraints for table `tbl_payment`
--
ALTER TABLE `tbl_payment`
  ADD CONSTRAINT `tbl_payment_ibfk_1` FOREIGN KEY (`Booking_master_id`) REFERENCES `tbl_booking_master` (`Booking_master_id`),
  ADD CONSTRAINT `tbl_payment_ibfk_2` FOREIGN KEY (`Card_id`) REFERENCES `tbl_card` (`Card_id`);

--
-- Constraints for table `tbl_stop`
--
ALTER TABLE `tbl_stop`
  ADD CONSTRAINT `tbl_stop_ibfk_1` FOREIGN KEY (`Route_id`) REFERENCES `tbl_route` (`Route_id`);

--
-- Constraints for table `tbl_ticket`
--
ALTER TABLE `tbl_ticket`
  ADD CONSTRAINT `tbl_ticket_ibfk_1` FOREIGN KEY (`Customer_id`) REFERENCES `tbl_customer` (`Customer_id`),
  ADD CONSTRAINT `tbl_ticket_ibfk_2` FOREIGN KEY (`Booking_master_id`) REFERENCES `tbl_booking_master` (`Booking_master_id`),
  ADD CONSTRAINT `tbl_ticket_ibfk_3` FOREIGN KEY (`Payment_id`) REFERENCES `tbl_payment` (`Payment_id`);
COMMIT;

/*!40101 SET CHARACTER_SET_CLIENT=@OLD_CHARACTER_SET_CLIENT */;
/*!40101 SET CHARACTER_SET_RESULTS=@OLD_CHARACTER_SET_RESULTS */;
/*!40101 SET COLLATION_CONNECTION=@OLD_COLLATION_CONNECTION */;
